{
  "Data": {
    "Account": [
      {
        "AccountId": "22289",
		"Status": "Enabled",
		"StatusUpdateDateTime": "2019-01-01T06:06:06+00:00",
        "Currency": "GBP",
        "AccountType": "Personal",
        "AccountSubType": "CurrentAccount",
        "Nickname": "Bills",
        "Account": [
			{
          		"SchemeName": "UK.OBIE.SortCodeAccountNumber",
          		"Identification": "80200110203345",
          		"Name": "Mr Kevin",
          		"SecondaryIdentification": "00021"
        	}
		]
      }
    ]
  },
  "Links": {
    "Self": "https://api.alphabank.com/open-banking/v3.1/aisp/accounts/22289"
  },
  "Meta": {
    "TotalPages": 1
  }
}